{
  "hash": "2016016861",
  "bot": {
    "id": "f3640d2d-c913-4f1b-82dd-b08f49eeab5c",
    "name": "Greeter_Bot",
    "chatBotType": "CUSTOMER_FACING_BOT",
    "description": "LP brand greeter bot.",
    "status": "NEW",
    "getStartedButtonPayload": "hi",
    "creationTime": 1694248092610,
    "modificationTime": 1694255995321,
    "demo": false,
    "skipNLP": false,
    "language": "en-US",
    "botAttributes": {
      "ENABLE_AGENT_ANNOTATIONS": "false",
      "ENABLE_DEBUG": "true",
      "PCS_FALLBACK_LIMIT": "3",
      "SMALL_TALK_ENABLED": "true",
      "URL_SHORTENING_ENABLED": "false"
    },
    "sessionLength": 0,
    "passThroughMode": false,
    "transcriptDisabled": false,
    "version": "2",
    "publicBot": false,
    "transferGroupId": "6d63ad8a-6a5f-4209-a9a7-36e1b98174fa",
    "channel": "MESSAGING",
    "readOnly": false,
    "smallTalkEnabled": true
  },
  "responder": [
    {
      "chatbotId": "f3640d2d-c913-4f1b-82dd-b08f49eeab5c",
      "id": "cc03b2b1-3810-464f-9f61-6a2db1a76b7b",
      "name": "setPersonalInfo",
      "webhook": "https://sy.v.liveperson.net/api/account/{$botContext.accountId}/monitoring/visitors/{$botContext.sharkVisitorId}/visits/current/events",
      "fileUrl": "{{file_url}}",
      "method": "POST",
      "params": [
        {
          "key": "sid",
          "value": "{$botContext.sharkSessionId}"
        },
        {
          "key": "v",
          "value": "1"
        }
      ],
      "headers": [
        {
          "key": "Content-Type",
          "value": "application/json"
        },
        {
          "key": "Authorization",
          "value": "Bearer {$botContext.BearerToken}"
        },
        {
          "key": "x-http-method-override",
          "value": "PUT"
        }
      ],
      "defaultValues": [
        {
          "key": "title"
        },
        {
          "key": "subTitle"
        },
        {
          "key": "image"
        },
        {
          "key": "itemUrl"
        }
      ],
      "postBody": "{\n  \"type\": \"personal\",\n  \"personal\": {\n    \"firstname\": \"{$botContext.firstName}\",\n    \"lastname\": \"{$botContext.lastName}\",\n    \"contacts\": [{\n      //\"phone\": \"{$botContext.phoneNumber}\",\n      \"email\": \"{$botContext.email}\"\n    }]\n  }\n}",
      "results": {
        "type": "TEXT",
        "tile": {
          "tileData": [
            {
              "buttons": [],
              "quickReplyList": []
            }
          ]
        }
      },
      "group": "Responders",
      "transformResultsScript": "var apiStatusCode = botContext.getApiStatusCode();\nbotContext.printDebugMessage(\"API STATUS CODE: \" + apiStatusCode);",
      "responseDataVariable": "setPersonalInfo",
      "integrationType": "API",
      "tangoContextEnabled": false,
      "standardHeadersEnabled": true
    }
  ],
  "requiredContext": [],
  "conversationMessage": [
    {
      "id": "000532422417c5e5fa1c94639bd311869a3da0c4",
      "chatBotId": "f3640d2d-c913-4f1b-82dd-b08f49eeab5c",
      "userInputRequired": false,
      "name": "First_name_question_2",
      "type": "BOT_MESSAGE",
      "content": {
        "contentType": "STATIC",
        "results": {
          "type": "TEXT_QUESTION",
          "tile": {
            "tileData": [
              {
                "text": "Hmm, that doesn't look quite right. I'm looking for just your first name.\nLet's try that again. Can I get your name?",
                "buttons": [],
                "quickReplyList": []
              }
            ]
          }
        }
      },
      "group": "64931e58-549a-49b2-bc70-69d307ba0809",
      "status": "ACTIVE",
      "required": true,
      "nextMessageId": "79fb0134efafcc690d99aa4d9f6218943efc9741",
      "prevMessageId": "7b5299d13c5f13ea37dd9200be5b2323e9c66c5a",
      "responseMatches": [
        {
          "name": "First Name",
          "conditions": [
            {
              "matchType": "REGEX",
              "regexMatch": {
                "regexText": "^(?:\\w+\\s*){1,3}$",
                "excludeKeywords": []
              }
            }
          ],
          "contextConditions": [],
          "contextMatchConditionType": "ANY",
          "action": {
            "name": "INTERACTION",
            "value": "79fb0134efafcc690d99aa4d9f6218943efc9741"
          },
          "contextDataVariables": [
            {
              "name": "firstName",
              "value": "{$userMessage}",
              "scope": "SESSION"
            }
          ]
        },
        {
          "name": "No Match",
          "conditions": [
            {
              "matchType": "NO_MATCH",
              "noMatch": {}
            }
          ],
          "contextConditions": [],
          "contextMatchConditionType": "ANY",
          "action": {
            "name": "INTERACTION",
            "value": "7b5299d13c5f13ea37dd9200be5b2323e9c66c5a"
          },
          "contextDataVariables": []
        }
      ],
      "interactionType": "TEXT_QUESTION",
      "changeResponse": {
        "enabled": true
      },
      "cancelResponse": {
        "enabled": true
      }
    },
    {
      "id": "00aa359f9bd807f3d2bd9e9bf316ff8046312b3c",
      "chatBotId": "f3640d2d-c913-4f1b-82dd-b08f49eeab5c",
      "userInputRequired": false,
      "name": "Last_name_question_2",
      "type": "BOT_MESSAGE",
      "content": {
        "contentType": "STATIC",
        "results": {
          "type": "TEXT_QUESTION",
          "tile": {
            "tileData": [
              {
                "text": "Hmm, that doesn't look quite right. I'm looking for just your first name.\nLet's try that again. Can I get your name?",
                "buttons": [],
                "quickReplyList": []
              }
            ]
          }
        }
      },
      "group": "64931e58-549a-49b2-bc70-69d307ba0809",
      "status": "ACTIVE",
      "required": true,
      "nextMessageId": "5557f5defb1cce2df9406748d8e25314efe834a7",
      "prevMessageId": "79fb0134efafcc690d99aa4d9f6218943efc9741",
      "responseMatches": [
        {
          "name": "Last Name",
          "conditions": [
            {
              "matchType": "REGEX",
              "regexMatch": {
                "regexText": "^(?:\\w+\\s*){1,3}$",
                "excludeKeywords": []
              }
            }
          ],
          "contextConditions": [],
          "contextMatchConditionType": "ANY",
          "action": {
            "name": "INTERACTION",
            "value": "5557f5defb1cce2df9406748d8e25314efe834a7"
          },
          "contextDataVariables": [
            {
              "name": "lastName",
              "value": "{$userMessage}",
              "scope": "SESSION"
            }
          ]
        },
        {
          "name": "No Match",
          "conditions": [
            {
              "matchType": "NO_MATCH",
              "noMatch": {}
            }
          ],
          "contextConditions": [],
          "contextMatchConditionType": "ANY",
          "action": {
            "name": "INTERACTION",
            "value": "79fb0134efafcc690d99aa4d9f6218943efc9741"
          },
          "contextDataVariables": []
        }
      ],
      "interactionType": "TEXT_QUESTION",
      "changeResponse": {
        "enabled": true
      },
      "cancelResponse": {
        "enabled": true
      }
    },
    {
      "id": "10b56503d264153b812fddf3c8ed034fa936d754",
      "chatBotId": "f3640d2d-c913-4f1b-82dd-b08f49eeab5c",
      "userInputRequired": false,
      "name": "setPersonalInfo_api_integration",
      "type": "BOT_MESSAGE",
      "content": {
        "contentType": "DYNAMIC",
        "responderName": "setPersonalInfo",
        "responderId": "cc03b2b1-3810-464f-9f61-6a2db1a76b7b"
      },
      "group": "64931e58-549a-49b2-bc70-69d307ba0809",
      "status": "ACTIVE",
      "required": true,
      "nextMessageId": "bcef4c25bcd2079b213518dfe3d4dc87af9bfd21",
      "prevMessageId": "489f2e3d94b4f04321a575fe04017cf42824e1a7",
      "responseMatches": [
        {
          "conditions": [],
          "contextConditions": [],
          "action": {
            "name": "INTERACTION",
            "value": "next"
          },
          "contextDataVariables": []
        }
      ],
      "interactionType": "API_INTEGRATION",
      "changeResponse": {
        "enabled": true
      },
      "cancelResponse": {
        "enabled": true
      }
    },
    {
      "id": "183d6cfd206c33e326ed130a895562e1a5979767",
      "chatBotId": "f3640d2d-c913-4f1b-82dd-b08f49eeab5c",
      "userInputRequired": false,
      "name": "Spanish_skill",
      "type": "BOT_MESSAGE",
      "content": {
        "contentType": "DYNAMIC",
        "results": {
          "type": "ESCALATION",
          "tile": {
            "tileData": [
              {
                "text": "BLANK_MESSAGE",
                "buttons": [],
                "quickReplyList": [],
                "escalation": {
                  "agentSkillId": "1741058370",
                  "tangoContextEnabled": false
                }
              }
            ]
          }
        }
      },
      "group": "aa4aba82-31ff-4a64-b5c7-4a91226d43df",
      "status": "ACTIVE",
      "required": true,
      "nextMessageId": "f698fd3171da683dd1c99b8cc53cccfa76a87d1f",
      "prevMessageId": "1c689ba68632277b41aca65c79211b9d18f1843e",
      "responseMatches": [
        {
          "name": "RULE_1",
          "conditions": [],
          "contextConditions": [],
          "action": {
            "name": "INTERACTION",
            "value": "none"
          },
          "contextDataVariables": []
        }
      ],
      "interactionType": "ESCALATION",
      "changeResponse": {
        "enabled": true
      },
      "cancelResponse": {
        "enabled": true
      }
    },
    {
      "id": "1c689ba68632277b41aca65c79211b9d18f1843e",
      "chatBotId": "f3640d2d-c913-4f1b-82dd-b08f49eeab5c",
      "userInputRequired": false,
      "name": "dialog_starter_21",
      "type": "BOT_MESSAGE",
      "content": {
        "contentType": "STATIC",
        "results": {
          "type": "DIALOG_STARTER",
          "tile": {
            "tileData": [
              {
                "buttons": [],
                "quickReplyList": []
              }
            ]
          }
        }
      },
      "group": "aa4aba82-31ff-4a64-b5c7-4a91226d43df",
      "status": "ACTIVE",
      "required": true,
      "nextMessageId": "183d6cfd206c33e326ed130a895562e1a5979767",
      "responseMatches": [
        {
          "conditions": [],
          "contextConditions": [],
          "action": {
            "name": "INTERACTION",
            "value": "next"
          },
          "contextDataVariables": []
        }
      ],
      "interactionType": "DIALOG_STARTER"
    },
    {
      "id": "32d8192450dee860ca9752e495603e6ef941a8d1",
      "chatBotId": "f3640d2d-c913-4f1b-82dd-b08f49eeab5c",
      "userInputRequired": false,
      "name": "Agent_transfer_service_skill",
      "type": "BOT_MESSAGE",
      "content": {
        "contentType": "DYNAMIC",
        "results": {
          "type": "ESCALATION",
          "tile": {
            "tileData": [
              {
                "text": "BLANK_MESSAGE",
                "buttons": [],
                "quickReplyList": [],
                "escalation": {
                  "agentSkillId": "1741058070",
                  "tangoContextEnabled": false
                }
              }
            ]
          }
        }
      },
      "group": "aa4aba82-31ff-4a64-b5c7-4a91226d43df",
      "status": "ACTIVE",
      "required": true,
      "prevMessageId": "f698fd3171da683dd1c99b8cc53cccfa76a87d1f",
      "responseMatches": [
        {
          "name": "RULE_1",
          "conditions": [],
          "contextConditions": [],
          "action": {
            "name": "INTERACTION",
            "value": "none"
          },
          "contextDataVariables": []
        }
      ],
      "interactionType": "ESCALATION",
      "changeResponse": {
        "enabled": true
      },
      "cancelResponse": {
        "enabled": true
      }
    },
    {
      "id": "34ba5141aecc7e3cf3046e67bd06d1d9bd6f252e",
      "chatBotId": "f3640d2d-c913-4f1b-82dd-b08f49eeab5c",
      "userInputRequired": false,
      "name": "Msg_text",
      "type": "BOT_MESSAGE",
      "content": {
        "contentType": "STATIC",
        "results": {
          "type": "TEXT",
          "tile": {
            "tileData": [
              {
                "text": "Sure! I can set you up to talk to a customer service agent as soon as they're back online",
                "buttons": [],
                "quickReplyList": []
              }
            ]
          }
        }
      },
      "group": "3ae61d84-4477-4229-9055-6e1892cb74a8",
      "status": "ACTIVE",
      "required": true,
      "prevMessageId": "786fc6037c7c261449fe6cbb7f4f9c13d4aa6249",
      "responseMatches": [
        {
          "name": "RULE_1",
          "conditions": [],
          "contextConditions": [],
          "action": {
            "name": "INTERACTION",
            "value": "97b2cfaada3228c3f98bf797fe6c87f6b2d8a8f6"
          },
          "contextDataVariables": []
        }
      ],
      "interactionType": "TEXT"
    },
    {
      "id": "489f2e3d94b4f04321a575fe04017cf42824e1a7",
      "chatBotId": "f3640d2d-c913-4f1b-82dd-b08f49eeab5c",
      "userInputRequired": false,
      "name": "Customer_query_question",
      "type": "BOT_MESSAGE",
      "content": {
        "contentType": "STATIC",
        "results": {
          "type": "TEXT_QUESTION",
          "tile": {
            "tileData": [
              {
                "text": "Got it. In a few words, can you summarize what you're reaching out about?",
                "buttons": [],
                "quickReplyList": []
              }
            ]
          }
        }
      },
      "group": "64931e58-549a-49b2-bc70-69d307ba0809",
      "status": "ACTIVE",
      "required": true,
      "nextMessageId": "10b56503d264153b812fddf3c8ed034fa936d754",
      "prevMessageId": "5f3fc0767c030ce0b630634d144439c7ddcc7a1c",
      "responseMatches": [
        {
          "name": "RULE_1",
          "conditions": [],
          "contextConditions": [],
          "action": {
            "name": "INTERACTION",
            "value": "next"
          },
          "contextDataVariables": []
        }
      ],
      "interactionType": "TEXT_QUESTION",
      "changeResponse": {
        "enabled": true
      },
      "cancelResponse": {
        "enabled": true
      }
    },
    {
      "id": "51a34658c0b382f9a650b9fa97d6e35a8a8db90f",
      "chatBotId": "f3640d2d-c913-4f1b-82dd-b08f49eeab5c",
      "userInputRequired": false,
      "name": "Main_menu_1",
      "type": "BOT_MESSAGE",
      "content": {
        "contentType": "STATIC",
        "results": {
          "type": "MULTIPLE_CHOICE_QUESTION",
          "tile": {
            "tileData": [
              {
                "text": "What would you like to do?",
                "buttons": [],
                "multipleChoice": {
                  "multipleChoices": [
                    "Help me shop",
                    "Track my order",
                    "Help with a return",
                    "Help with a repair",
                    "Payment question",
                    "Something else"
                  ],
                  "displayChoice": "BUTTON",
                  "textStyle": "NUMBERS"
                },
                "quickReplyList": [],
                "quickReplyWidget": {
                  "choicesPerRow": 8
                }
              }
            ]
          }
        }
      },
      "group": "2e7980f4-7004-4d6e-b609-e878e2b778b4",
      "status": "ACTIVE",
      "required": true,
      "prevMessageId": "ea440418e19ef7989e83b765629afebd31af386e",
      "responseMatches": [
        {
          "name": "Help me shop",
          "conditions": [
            {
              "matchType": "EVAL_OPTION",
              "evaluateOptionMatch": {
                "value": "Help me shop"
              }
            }
          ],
          "contextConditions": [],
          "contextMatchConditionType": "ANY",
          "action": {
            "name": "INTERACTION",
            "value": "97b2cfaada3228c3f98bf797fe6c87f6b2d8a8f6"
          },
          "contextDataVariables": [
            {
              "name": "mainMenuOptions",
              "value": "{$userMessage}",
              "scope": "SESSION"
            }
          ]
        },
        {
          "name": "Track my order",
          "conditions": [
            {
              "matchType": "EVAL_OPTION",
              "evaluateOptionMatch": {
                "value": "Track my order"
              }
            }
          ],
          "contextConditions": [],
          "contextMatchConditionType": "ANY",
          "action": {
            "name": "INTERACTION",
            "value": "97b2cfaada3228c3f98bf797fe6c87f6b2d8a8f6"
          },
          "contextDataVariables": [
            {
              "name": "mainMenuOptions",
              "value": "{$userMessage}",
              "scope": "SESSION"
            }
          ]
        },
        {
          "name": "Help with a return",
          "conditions": [
            {
              "matchType": "EVAL_OPTION",
              "evaluateOptionMatch": {
                "value": "Help with a return"
              }
            }
          ],
          "contextConditions": [],
          "contextMatchConditionType": "ANY",
          "action": {
            "name": "INTERACTION",
            "value": "97b2cfaada3228c3f98bf797fe6c87f6b2d8a8f6"
          },
          "contextDataVariables": [
            {
              "name": "mainMenuOptions",
              "value": "{$userMessage}",
              "scope": "SESSION"
            }
          ]
        },
        {
          "name": "Help with a repair",
          "conditions": [
            {
              "matchType": "EVAL_OPTION",
              "evaluateOptionMatch": {
                "value": "Help with a repair"
              }
            }
          ],
          "contextConditions": [],
          "contextMatchConditionType": "ANY",
          "action": {
            "name": "INTERACTION",
            "value": "97b2cfaada3228c3f98bf797fe6c87f6b2d8a8f6"
          },
          "contextDataVariables": [
            {
              "name": "mainMenuOptions",
              "value": "{$userMessage}",
              "scope": "SESSION"
            }
          ]
        },
        {
          "name": "Payment question",
          "conditions": [
            {
              "matchType": "EVAL_OPTION",
              "evaluateOptionMatch": {
                "value": "Payment question"
              }
            }
          ],
          "contextConditions": [],
          "contextMatchConditionType": "ANY",
          "action": {
            "name": "INTERACTION",
            "value": "97b2cfaada3228c3f98bf797fe6c87f6b2d8a8f6"
          },
          "contextDataVariables": [
            {
              "name": "mainMenuOptions",
              "value": "{$userMessage}",
              "scope": "SESSION"
            }
          ]
        },
        {
          "name": "Something else",
          "conditions": [
            {
              "matchType": "EVAL_OPTION",
              "evaluateOptionMatch": {
                "value": "Something else"
              }
            }
          ],
          "contextConditions": [],
          "contextMatchConditionType": "ANY",
          "action": {
            "name": "INTERACTION",
            "value": "97b2cfaada3228c3f98bf797fe6c87f6b2d8a8f6"
          },
          "contextDataVariables": [
            {
              "name": "mainMenuOptions",
              "value": "{$userMessage}",
              "scope": "SESSION"
            }
          ]
        }
      ],
      "interactionType": "MULTIPLE_CHOICE_QUESTION",
      "changeResponse": {
        "enabled": true
      },
      "cancelResponse": {
        "enabled": true
      }
    },
    {
      "id": "5557f5defb1cce2df9406748d8e25314efe834a7",
      "chatBotId": "f3640d2d-c913-4f1b-82dd-b08f49eeab5c",
      "userInputRequired": false,
      "name": "Email_question_1",
      "type": "BOT_MESSAGE",
      "content": {
        "contentType": "STATIC",
        "results": {
          "type": "TEXT_QUESTION",
          "tile": {
            "tileData": [
              {
                "text": "Perfect. What's a good email to reach you at if we need to follow up with? No spam, we promise!",
                "buttons": [],
                "quickReplyList": []
              }
            ]
          }
        }
      },
      "group": "64931e58-549a-49b2-bc70-69d307ba0809",
      "status": "ACTIVE",
      "required": true,
      "nextMessageId": "5f3fc0767c030ce0b630634d144439c7ddcc7a1c",
      "prevMessageId": "00aa359f9bd807f3d2bd9e9bf316ff8046312b3c",
      "responseMatches": [
        {
          "name": "Email",
          "conditions": [
            {
              "matchType": "REGEX",
              "regexMatch": {
                "regexText": "^(([^<>()\\[\\]\\\\.,;:\\s@\"]+(\\.[^<>()\\[\\]\\\\.,;:\\s@\"]+)*)|(\".+\"))@((\\[[0-9]{1,3}\\.[0-9]{1,3}\\.[0-9]{1,3}\\.[0-9]{1,3}])|(([a-zA-Z\\-0-9]+\\.)+[a-zA-Z]{2,}))$",
                "excludeKeywords": []
              }
            }
          ],
          "contextConditions": [],
          "contextMatchConditionType": "ANY",
          "action": {
            "name": "INTERACTION",
            "value": "489f2e3d94b4f04321a575fe04017cf42824e1a7"
          },
          "contextDataVariables": [
            {
              "name": "email",
              "value": "{$userMessage}",
              "scope": "SESSION"
            }
          ]
        },
        {
          "name": "No Match",
          "conditions": [
            {
              "matchType": "NO_MATCH",
              "noMatch": {}
            }
          ],
          "contextConditions": [],
          "contextMatchConditionType": "ANY",
          "action": {
            "name": "INTERACTION",
            "value": "5f3fc0767c030ce0b630634d144439c7ddcc7a1c"
          },
          "contextDataVariables": []
        }
      ],
      "interactionType": "TEXT_QUESTION",
      "changeResponse": {
        "enabled": true
      },
      "cancelResponse": {
        "enabled": true
      }
    },
    {
      "id": "5a4e16d8e60106e1346f98e815a1c2dcf2fc44bd",
      "chatBotId": "f3640d2d-c913-4f1b-82dd-b08f49eeab5c",
      "userInputRequired": false,
      "name": "After_business_hour_starter",
      "type": "BOT_MESSAGE",
      "content": {
        "contentType": "STATIC",
        "results": {
          "type": "DIALOG_STARTER",
          "tile": {
            "tileData": [
              {
                "buttons": [],
                "quickReplyList": []
              }
            ]
          }
        }
      },
      "group": "3ae61d84-4477-4229-9055-6e1892cb74a8",
      "status": "ACTIVE",
      "required": true,
      "nextMessageId": "8f7a1adee555e24d4ef9ac6eed32c129f0a7d45e",
      "responseMatches": [
        {
          "name": "RULE_1",
          "conditions": [],
          "contextConditions": [],
          "action": {
            "name": "INTERACTION",
            "value": "next"
          },
          "contextDataVariables": []
        }
      ],
      "interactionType": "DIALOG_STARTER"
    },
    {
      "id": "5a9d2826d3d791c2c18ce30e677a73ed8cac0d68",
      "chatBotId": "f3640d2d-c913-4f1b-82dd-b08f49eeab5c",
      "userInputRequired": false,
      "name": "Welcome_starter",
      "pattern": [
        "hi",
        "hello",
        "howdy",
        "(hi|hello|hey)*"
      ],
      "type": "BOT_MESSAGE",
      "content": {
        "contentType": "STATIC",
        "results": {
          "type": "DIALOG_STARTER",
          "tile": {
            "tileData": [
              {
                "buttons": [],
                "quickReplyList": []
              }
            ],
            "sampleUserInput": "Hello!!"
          }
        }
      },
      "preProcessMessage": "var d = new Date(); \nif (botContext.getBotVariable('lastVisited') != null) { \n    botContext.setTriggerNextMessage('Welcome Back');\n} else { \n    botContext.setBotVariable('lastVisited',d,false,true); \n}",
      "group": "08e2b09c-544b-4490-ab2c-68e7081a69cd",
      "status": "ACTIVE",
      "nextMessageId": "cde50b2829e057dbe3fcaa0fc6e527cf1c02ce49",
      "responseMatches": [
        {
          "name": "RULE_1",
          "conditions": [],
          "contextConditions": [],
          "action": {
            "name": "INTERACTION",
            "value": "next"
          },
          "contextDataVariables": []
        }
      ],
      "interactionType": "DIALOG_STARTER"
    },
    {
      "id": "5f3fc0767c030ce0b630634d144439c7ddcc7a1c",
      "chatBotId": "f3640d2d-c913-4f1b-82dd-b08f49eeab5c",
      "userInputRequired": false,
      "name": "Email_question_2",
      "type": "BOT_MESSAGE",
      "content": {
        "contentType": "STATIC",
        "results": {
          "type": "TEXT_QUESTION",
          "tile": {
            "tileData": [
              {
                "text": "There should be an '@', followed by a domain (name@email.com).\nWas the email address you used to place the order?",
                "buttons": [],
                "quickReplyList": []
              }
            ]
          }
        }
      },
      "group": "64931e58-549a-49b2-bc70-69d307ba0809",
      "status": "ACTIVE",
      "required": true,
      "nextMessageId": "489f2e3d94b4f04321a575fe04017cf42824e1a7",
      "prevMessageId": "5557f5defb1cce2df9406748d8e25314efe834a7",
      "responseMatches": [
        {
          "name": "Email",
          "conditions": [
            {
              "matchType": "REGEX",
              "regexMatch": {
                "regexText": "^(([^<>()\\[\\]\\\\.,;:\\s@\"]+(\\.[^<>()\\[\\]\\\\.,;:\\s@\"]+)*)|(\".+\"))@((\\[[0-9]{1,3}\\.[0-9]{1,3}\\.[0-9]{1,3}\\.[0-9]{1,3}])|(([a-zA-Z\\-0-9]+\\.)+[a-zA-Z]{2,}))$",
                "excludeKeywords": []
              }
            }
          ],
          "contextConditions": [],
          "contextMatchConditionType": "ANY",
          "action": {
            "name": "INTERACTION",
            "value": "489f2e3d94b4f04321a575fe04017cf42824e1a7"
          },
          "contextDataVariables": [
            {
              "name": "email",
              "value": "{$userMessage}",
              "scope": "SESSION"
            }
          ]
        },
        {
          "name": "No Match",
          "conditions": [
            {
              "matchType": "NO_MATCH",
              "noMatch": {}
            }
          ],
          "contextConditions": [],
          "contextMatchConditionType": "ANY",
          "action": {
            "name": "INTERACTION",
            "value": "5557f5defb1cce2df9406748d8e25314efe834a7"
          },
          "contextDataVariables": []
        }
      ],
      "interactionType": "TEXT_QUESTION",
      "changeResponse": {
        "enabled": true
      },
      "cancelResponse": {
        "enabled": true
      }
    },
    {
      "id": "656c80bd2e4158d870b3d6ad767c4cb8ca0ffc43",
      "chatBotId": "f3640d2d-c913-4f1b-82dd-b08f49eeab5c",
      "userInputRequired": false,
      "name": "fallback_starter",
      "type": "BOT_MESSAGE",
      "content": {
        "contentType": "STATIC",
        "results": {
          "type": "TEXT",
          "tile": {
            "tileData": [
              {
                "text": "Sorry, I am not able to understand.",
                "buttons": [],
                "quickReplyList": []
              }
            ]
          }
        }
      },
      "group": "a2fc58f6-470f-4f80-aa23-33fb853d5257",
      "status": "ACTIVE",
      "responseMatches": [
        {
          "conditions": [],
          "contextConditions": [],
          "action": {
            "name": "INTERACTION",
            "value": "next"
          },
          "contextDataVariables": []
        }
      ],
      "interactionType": "TEXT"
    },
    {
      "id": "786fc6037c7c261449fe6cbb7f4f9c13d4aa6249",
      "chatBotId": "f3640d2d-c913-4f1b-82dd-b08f49eeab5c",
      "userInputRequired": false,
      "name": "Main_menu_2",
      "type": "BOT_MESSAGE",
      "content": {
        "contentType": "STATIC",
        "results": {
          "type": "MULTIPLE_CHOICE_QUESTION",
          "tile": {
            "tileData": [
              {
                "text": "What would you like to do?",
                "buttons": [],
                "multipleChoice": {
                  "multipleChoices": [
                    "Help me shop",
                    "Track my order",
                    "Help with a return",
                    "Help with a repair",
                    "Payment question",
                    "Something else"
                  ],
                  "displayChoice": "BUTTON",
                  "textStyle": "NUMBERS"
                },
                "quickReplyList": [],
                "quickReplyWidget": {
                  "choicesPerRow": 8
                }
              }
            ]
          }
        }
      },
      "group": "3ae61d84-4477-4229-9055-6e1892cb74a8",
      "status": "ACTIVE",
      "required": true,
      "nextMessageId": "34ba5141aecc7e3cf3046e67bd06d1d9bd6f252e",
      "prevMessageId": "8f7a1adee555e24d4ef9ac6eed32c129f0a7d45e",
      "responseMatches": [
        {
          "name": "Help me shop",
          "conditions": [
            {
              "matchType": "EVAL_OPTION",
              "evaluateOptionMatch": {
                "value": "Help me shop"
              }
            }
          ],
          "contextConditions": [],
          "contextMatchConditionType": "ANY",
          "action": {
            "name": "INTERACTION",
            "value": "34ba5141aecc7e3cf3046e67bd06d1d9bd6f252e"
          },
          "contextDataVariables": [
            {
              "name": "mainMenuOptions",
              "value": "{$userMessage}",
              "scope": "SESSION"
            }
          ]
        },
        {
          "name": "Track my order",
          "conditions": [
            {
              "matchType": "EVAL_OPTION",
              "evaluateOptionMatch": {
                "value": "Track my order"
              }
            }
          ],
          "contextConditions": [],
          "contextMatchConditionType": "ANY",
          "action": {
            "name": "INTERACTION",
            "value": "34ba5141aecc7e3cf3046e67bd06d1d9bd6f252e"
          },
          "contextDataVariables": [
            {
              "name": "mainMenuOptions",
              "value": "{$userMessage}",
              "scope": "SESSION"
            }
          ]
        },
        {
          "name": "Help with a return",
          "conditions": [
            {
              "matchType": "EVAL_OPTION",
              "evaluateOptionMatch": {
                "value": "Help with a return"
              }
            }
          ],
          "contextConditions": [],
          "contextMatchConditionType": "ANY",
          "action": {
            "name": "INTERACTION",
            "value": "34ba5141aecc7e3cf3046e67bd06d1d9bd6f252e"
          },
          "contextDataVariables": [
            {
              "name": "mainMenuOptions",
              "value": "{$userMessage}",
              "scope": "SESSION"
            }
          ]
        },
        {
          "name": "Help with a repair",
          "conditions": [
            {
              "matchType": "EVAL_OPTION",
              "evaluateOptionMatch": {
                "value": "Help with a repair"
              }
            }
          ],
          "contextConditions": [],
          "contextMatchConditionType": "ANY",
          "action": {
            "name": "INTERACTION",
            "value": "34ba5141aecc7e3cf3046e67bd06d1d9bd6f252e"
          },
          "contextDataVariables": [
            {
              "name": "mainMenuOptions",
              "value": "{$userMessage}",
              "scope": "SESSION"
            }
          ]
        },
        {
          "name": "Payment question",
          "conditions": [
            {
              "matchType": "EVAL_OPTION",
              "evaluateOptionMatch": {
                "value": "Payment question"
              }
            }
          ],
          "contextConditions": [],
          "contextMatchConditionType": "ANY",
          "action": {
            "name": "INTERACTION",
            "value": "34ba5141aecc7e3cf3046e67bd06d1d9bd6f252e"
          },
          "contextDataVariables": [
            {
              "name": "mainMenuOptions",
              "value": "{$userMessage}",
              "scope": "SESSION"
            }
          ]
        },
        {
          "name": "Something else",
          "conditions": [
            {
              "matchType": "EVAL_OPTION",
              "evaluateOptionMatch": {
                "value": "Something else"
              }
            }
          ],
          "contextConditions": [],
          "contextMatchConditionType": "ANY",
          "action": {
            "name": "INTERACTION",
            "value": "34ba5141aecc7e3cf3046e67bd06d1d9bd6f252e"
          },
          "contextDataVariables": [
            {
              "name": "mainMenuOptions",
              "value": "{$userMessage}",
              "scope": "SESSION"
            }
          ]
        }
      ],
      "interactionType": "MULTIPLE_CHOICE_QUESTION",
      "changeResponse": {
        "enabled": true
      },
      "cancelResponse": {
        "enabled": true
      }
    },
    {
      "id": "79fb0134efafcc690d99aa4d9f6218943efc9741",
      "chatBotId": "f3640d2d-c913-4f1b-82dd-b08f49eeab5c",
      "userInputRequired": false,
      "name": "Last_name_question_1",
      "type": "BOT_MESSAGE",
      "content": {
        "contentType": "STATIC",
        "results": {
          "type": "TEXT_QUESTION",
          "tile": {
            "tileData": [
              {
                "text": "And your last name?",
                "buttons": [],
                "quickReplyList": []
              }
            ]
          }
        }
      },
      "group": "64931e58-549a-49b2-bc70-69d307ba0809",
      "status": "ACTIVE",
      "required": true,
      "nextMessageId": "00aa359f9bd807f3d2bd9e9bf316ff8046312b3c",
      "prevMessageId": "000532422417c5e5fa1c94639bd311869a3da0c4",
      "responseMatches": [
        {
          "name": "Last Name",
          "conditions": [
            {
              "matchType": "REGEX",
              "regexMatch": {
                "regexText": "^(?:\\w+\\s*){1,3}$",
                "excludeKeywords": []
              }
            }
          ],
          "contextConditions": [],
          "contextMatchConditionType": "ANY",
          "action": {
            "name": "INTERACTION",
            "value": "5557f5defb1cce2df9406748d8e25314efe834a7"
          },
          "contextDataVariables": [
            {
              "name": "lastName",
              "value": "{$userMessage}",
              "scope": "SESSION"
            }
          ]
        },
        {
          "name": "No Match",
          "conditions": [
            {
              "matchType": "NO_MATCH",
              "noMatch": {}
            }
          ],
          "contextConditions": [],
          "contextMatchConditionType": "ANY",
          "action": {
            "name": "INTERACTION",
            "value": "00aa359f9bd807f3d2bd9e9bf316ff8046312b3c"
          },
          "contextDataVariables": []
        }
      ],
      "interactionType": "TEXT_QUESTION",
      "changeResponse": {
        "enabled": true
      },
      "cancelResponse": {
        "enabled": true
      }
    },
    {
      "id": "7b5299d13c5f13ea37dd9200be5b2323e9c66c5a",
      "chatBotId": "f3640d2d-c913-4f1b-82dd-b08f49eeab5c",
      "userInputRequired": false,
      "name": "First_name_question_1",
      "type": "BOT_MESSAGE",
      "content": {
        "contentType": "STATIC",
        "results": {
          "type": "TEXT_QUESTION",
          "tile": {
            "tileData": [
              {
                "text": "To start, can I get your first name?",
                "buttons": [],
                "quickReplyList": []
              }
            ]
          }
        }
      },
      "group": "64931e58-549a-49b2-bc70-69d307ba0809",
      "status": "ACTIVE",
      "required": true,
      "nextMessageId": "000532422417c5e5fa1c94639bd311869a3da0c4",
      "prevMessageId": "97b2cfaada3228c3f98bf797fe6c87f6b2d8a8f6",
      "responseMatches": [
        {
          "name": "First Name",
          "conditions": [
            {
              "matchType": "REGEX",
              "regexMatch": {
                "regexText": "^(?:\\w+\\s*){1,3}$",
                "excludeKeywords": []
              }
            }
          ],
          "contextConditions": [],
          "contextMatchConditionType": "ANY",
          "action": {
            "name": "INTERACTION",
            "value": "79fb0134efafcc690d99aa4d9f6218943efc9741"
          },
          "contextDataVariables": [
            {
              "name": "firstName",
              "value": "{$userMessage}",
              "scope": "SESSION"
            }
          ]
        },
        {
          "name": "No Match",
          "conditions": [
            {
              "matchType": "NO_MATCH",
              "noMatch": {}
            }
          ],
          "contextConditions": [],
          "contextMatchConditionType": "ANY",
          "action": {
            "name": "INTERACTION",
            "value": "000532422417c5e5fa1c94639bd311869a3da0c4"
          },
          "contextDataVariables": []
        }
      ],
      "interactionType": "TEXT_QUESTION",
      "changeResponse": {
        "enabled": true
      },
      "cancelResponse": {
        "enabled": true
      }
    },
    {
      "id": "863129b1ed44ba8a52dee33feee35d7c8a2cccd2",
      "chatBotId": "f3640d2d-c913-4f1b-82dd-b08f49eeab5c",
      "userInputRequired": false,
      "name": "Agent_escalation_starter",
      "type": "BOT_MESSAGE",
      "content": {
        "contentType": "STATIC",
        "results": {
          "type": "DIALOG_STARTER",
          "tile": {
            "tileData": [
              {
                "buttons": [],
                "quickReplyList": []
              }
            ]
          }
        }
      },
      "group": "64931e58-549a-49b2-bc70-69d307ba0809",
      "status": "ACTIVE",
      "required": true,
      "nextMessageId": "97b2cfaada3228c3f98bf797fe6c87f6b2d8a8f6",
      "responseMatches": [
        {
          "name": "RULE_1",
          "conditions": [],
          "contextConditions": [],
          "action": {
            "name": "INTERACTION",
            "value": "next"
          },
          "contextDataVariables": []
        }
      ],
      "interactionType": "DIALOG_STARTER"
    },
    {
      "id": "8f7a1adee555e24d4ef9ac6eed32c129f0a7d45e",
      "chatBotId": "f3640d2d-c913-4f1b-82dd-b08f49eeab5c",
      "userInputRequired": false,
      "name": "Welcome_msg_after_business_hours",
      "type": "BOT_MESSAGE",
      "content": {
        "contentType": "STATIC",
        "results": {
          "type": "TEXT",
          "tile": {
            "tileData": [
              {
                "text": "Hi! I'm your virtual assistant.\n\nOur business hours are Monday-Friday 9am-10pm Eastern, and Saturday-Sunday\n12pm-9pm Eastern.\n\nIn the meantime, I can grab a bit of info from you to pass along as soon as our team members are back online.",
                "buttons": [],
                "quickReplyList": []
              }
            ]
          }
        }
      },
      "group": "3ae61d84-4477-4229-9055-6e1892cb74a8",
      "status": "ACTIVE",
      "required": true,
      "nextMessageId": "786fc6037c7c261449fe6cbb7f4f9c13d4aa6249",
      "prevMessageId": "5a4e16d8e60106e1346f98e815a1c2dcf2fc44bd",
      "responseMatches": [
        {
          "name": "RULE_1",
          "conditions": [],
          "contextConditions": [],
          "action": {
            "name": "INTERACTION",
            "value": "next"
          },
          "contextDataVariables": []
        }
      ],
      "interactionType": "TEXT"
    },
    {
      "id": "97b2cfaada3228c3f98bf797fe6c87f6b2d8a8f6",
      "chatBotId": "f3640d2d-c913-4f1b-82dd-b08f49eeab5c",
      "userInputRequired": false,
      "name": "Agent_escalation_msg_1",
      "type": "BOT_MESSAGE",
      "content": {
        "contentType": "STATIC",
        "results": {
          "type": "TEXT",
          "tile": {
            "tileData": [
              {
                "text": "Alright, I'll just grab a bit of info from you to speed things along, and then I'll get you to the right person.",
                "buttons": [],
                "quickReplyList": []
              }
            ]
          }
        }
      },
      "group": "64931e58-549a-49b2-bc70-69d307ba0809",
      "status": "ACTIVE",
      "required": true,
      "nextMessageId": "7b5299d13c5f13ea37dd9200be5b2323e9c66c5a",
      "prevMessageId": "863129b1ed44ba8a52dee33feee35d7c8a2cccd2",
      "responseMatches": [
        {
          "name": "RULE_1",
          "conditions": [],
          "contextConditions": [],
          "action": {
            "name": "INTERACTION",
            "value": "next"
          },
          "contextDataVariables": []
        }
      ],
      "interactionType": "TEXT"
    },
    {
      "id": "bcef4c25bcd2079b213518dfe3d4dc87af9bfd21",
      "chatBotId": "f3640d2d-c913-4f1b-82dd-b08f49eeab5c",
      "userInputRequired": false,
      "name": "Agent_escalation_msg_2",
      "type": "BOT_MESSAGE",
      "content": {
        "contentType": "STATIC",
        "results": {
          "type": "TEXT",
          "tile": {
            "tileData": [
              {
                "text": "Thanks! I'll pass this along.\nSomeone will reach out as soon as they're available.",
                "buttons": [],
                "quickReplyList": []
              }
            ]
          }
        }
      },
      "postProcessMessage": "var mainMenuOptions = botContext.getBotVariable('mainMenuOptions');\nbotContext.printDebugMessage(mainMenuOptions);\nif(mainMenuOptions == \"Help me shop\"){\n   botContext.printDebugMessage(\"sales skill\");\n   botContext.setTriggerNextMessage('Agent_transfer_sales_skill');\n}else{\n   botContext.printDebugMessage(\"service skill\");\n   botContext.setTriggerNextMessage('Agent_transfer_service_skill');\n}",
      "group": "64931e58-549a-49b2-bc70-69d307ba0809",
      "status": "ACTIVE",
      "required": true,
      "prevMessageId": "10b56503d264153b812fddf3c8ed034fa936d754",
      "responseMatches": [
        {
          "name": "RULE_1",
          "conditions": [],
          "contextConditions": [],
          "action": {
            "name": "INTERACTION",
            "value": "none"
          },
          "contextDataVariables": []
        }
      ],
      "interactionType": "TEXT"
    },
    {
      "id": "cde50b2829e057dbe3fcaa0fc6e527cf1c02ce49",
      "chatBotId": "f3640d2d-c913-4f1b-82dd-b08f49eeab5c",
      "userInputRequired": false,
      "name": "Preferred_language_question",
      "type": "BOT_MESSAGE",
      "content": {
        "contentType": "STATIC",
        "results": {
          "type": "MULTIPLE_CHOICE_QUESTION",
          "tile": {
            "tileData": [
              {
                "text": "Hi there! Before we get started, what's your preferred language?",
                "buttons": [],
                "multipleChoice": {
                  "multipleChoices": [
                    "English",
                    "Spanish"
                  ],
                  "displayChoice": "BUTTON",
                  "textStyle": "NUMBERS"
                },
                "quickReplyList": [],
                "quickReplyWidget": {
                  "choicesPerRow": 8
                }
              }
            ]
          }
        }
      },
      "postProcessMessage": "//var date = new Date();\n//botContext.printDebugMessage(\"date\" + date);\n\n// get what the user just said\n//var response = botContext.getCurrentUserMessage();\n//botContext.printDebugMessage(\"User said '\" + response + \"'\");",
      "processUserResponse": "var response = botContext.getCurrentUserMessage();\n//botContext.setBotVariable('language',response,true,false);\nbotContext.printDebugMessage(response);\n\nif(response == \"English\"){\nbotContext.printDebugMessage(\"Print msg English\");\nvar hoursSpec = [\n    \"REG_HOURS~9:00~22:00\",\n    \"AFTER_HOURS~22:00~9:00\",\n //   \"FRIDAY|WKEND_REG_HOURS~8:00~17:00\",\n //   \"FRIDAY|WKEND_AFTER_HOURS~17:00~08:00\",\n    \"SATURDAY|WKEND_REG_HOURS~12:00~21:00\",\n    \"SATURDAY|WKEND_AFTER_HOURS~21:00~12:00\",\n    \"SUNDAY|WKEND_REG_HOURS~12:00~21:00\",\n    \"SUNDAY|WKEND_AFTER_HOURS~21:00~12:00\"\n//    \"11.22.2018|HOLIDAY_THANKS~0:00~23:59\",\n//    \"12.25.2018|HOLIDAY_XMAS~0:00~23:59\"\n];\n\nvar type = botContext.getHoursType(hoursSpec, \"America/Indiana/Indianapolis\");\nbotContext.printDebugMessage(\"getHoursType: \" + type);\n\n\n// TEST FOR type and set the transferMessage to result\nswitch(type){\n  case \"REG_HOURS\":\n  case \"WKEND_REG_HOURS\":\n    //msg = \"Let me connect you to an Agent who can help you.\";\n    //botContext.setBotVariable('transferMessage',msg,true,false);\n    botContext.setTriggerNextMessage('Welcome_msg_within_business_hours');\n    break;\n\n  case \"AFTER_HOURS\":\n  case \"WKEND_AFTER_HOURS\":\n    //msg = \"You have reached us after our business hours. We are open 7 days a week; 8AM – 8PM PST Monday through Thursday and 8AM – 5PM PST Friday through Sunday.\";\n    //botContext.setBotVariable('noTransferMessage',msg,true,false);\n    botContext.setTriggerNextMessage('Welcome_msg_after_business_hours');\n    break;\n\n  case \"HOLIDAY_THANKS\":\n    //msg = \"We are closed for the Thanksgiving holiday today. We will resume regular hours tomorrow. We are open 7 days a week; 8AM – 8PM PST Monday through Thursday and 8AM – 5PM PST Friday through Sunday.\";\n    //botContext.setBotVariable('noTransferMessage',msg,true,false);\n    botContext.setTriggerNextMessage('No Transfer');\n    break;\n\n  case \"HOLIDAY_XMAS\":\n    //msg = \"We are closed for the Christmas holiday today. We will resume regular hours tomorrow. We are open 7 days a week; 8AM – 8PM PST Monday through Thursday and 8AM – 5PM PST Friday through Sunday.\";\n    //botContext.setBotVariable('noTransferMessage',msg,true,false);\n    botContext.setTriggerNextMessage('No Transfer');\n    break;\n}  \n}else{\nbotContext.printDebugMessage(\"Print msg Spanish\");\nbotContext.setTriggerNextMessage('Spanish_skill');\n}\n",
      "group": "08e2b09c-544b-4490-ab2c-68e7081a69cd",
      "status": "ACTIVE",
      "required": true,
      "prevMessageId": "5a9d2826d3d791c2c18ce30e677a73ed8cac0d68",
      "responseMatches": [
        {
          "name": "RULE_1",
          "conditions": [],
          "contextConditions": [],
          "action": {
            "name": "INTERACTION",
            "value": "none"
          },
          "contextDataVariables": []
        }
      ],
      "interactionType": "MULTIPLE_CHOICE_QUESTION",
      "changeResponse": {
        "enabled": true
      },
      "cancelResponse": {
        "enabled": true
      }
    },
    {
      "id": "d96e6e6bac7fc7c75625e3b5657fe2ba3d05310e",
      "chatBotId": "f3640d2d-c913-4f1b-82dd-b08f49eeab5c",
      "userInputRequired": false,
      "name": "Within_business_hour_starter",
      "type": "BOT_MESSAGE",
      "content": {
        "contentType": "STATIC",
        "results": {
          "type": "DIALOG_STARTER",
          "tile": {
            "tileData": [
              {
                "buttons": [],
                "quickReplyList": []
              }
            ]
          }
        }
      },
      "group": "2e7980f4-7004-4d6e-b609-e878e2b778b4",
      "status": "ACTIVE",
      "required": true,
      "nextMessageId": "ea440418e19ef7989e83b765629afebd31af386e",
      "responseMatches": [
        {
          "name": "RULE_1",
          "conditions": [],
          "contextConditions": [],
          "action": {
            "name": "INTERACTION",
            "value": "next"
          },
          "contextDataVariables": []
        }
      ],
      "interactionType": "DIALOG_STARTER"
    },
    {
      "id": "ea440418e19ef7989e83b765629afebd31af386e",
      "chatBotId": "f3640d2d-c913-4f1b-82dd-b08f49eeab5c",
      "userInputRequired": false,
      "name": "Welcome_msg_within_business_hours",
      "type": "BOT_MESSAGE",
      "content": {
        "contentType": "STATIC",
        "results": {
          "type": "TEXT",
          "tile": {
            "tileData": [
              {
                "text": "Hi! I'm your virtual assistant, here to guide you along your jewelry shopping experience.",
                "buttons": [],
                "quickReplyList": []
              }
            ]
          }
        }
      },
      "group": "2e7980f4-7004-4d6e-b609-e878e2b778b4",
      "status": "ACTIVE",
      "required": true,
      "nextMessageId": "51a34658c0b382f9a650b9fa97d6e35a8a8db90f",
      "prevMessageId": "d96e6e6bac7fc7c75625e3b5657fe2ba3d05310e",
      "responseMatches": [
        {
          "name": "RULE_1",
          "conditions": [],
          "contextConditions": [],
          "action": {
            "name": "INTERACTION",
            "value": "next"
          },
          "contextDataVariables": []
        }
      ],
      "interactionType": "TEXT"
    },
    {
      "id": "f698fd3171da683dd1c99b8cc53cccfa76a87d1f",
      "chatBotId": "f3640d2d-c913-4f1b-82dd-b08f49eeab5c",
      "userInputRequired": false,
      "name": "Agent_transfer_sales_skill",
      "type": "BOT_MESSAGE",
      "content": {
        "contentType": "DYNAMIC",
        "results": {
          "type": "ESCALATION",
          "tile": {
            "tileData": [
              {
                "text": "BLANK_MESSAGE",
                "buttons": [],
                "quickReplyList": [],
                "escalation": {
                  "agentSkillId": "1741057970",
                  "tangoContextEnabled": false
                }
              }
            ]
          }
        }
      },
      "group": "aa4aba82-31ff-4a64-b5c7-4a91226d43df",
      "status": "ACTIVE",
      "required": true,
      "nextMessageId": "32d8192450dee860ca9752e495603e6ef941a8d1",
      "prevMessageId": "183d6cfd206c33e326ed130a895562e1a5979767",
      "responseMatches": [
        {
          "name": "RULE_1",
          "conditions": [],
          "contextConditions": [],
          "action": {
            "name": "INTERACTION",
            "value": "none"
          },
          "contextDataVariables": []
        }
      ],
      "interactionType": "ESCALATION",
      "changeResponse": {
        "enabled": true
      },
      "cancelResponse": {
        "enabled": true
      }
    }
  ],
  "menus": [],
  "groups": [
    {
      "chatBotId": "f3640d2d-c913-4f1b-82dd-b08f49eeab5c",
      "id": "08e2b09c-544b-4490-ab2c-68e7081a69cd",
      "name": "1 Welcome",
      "creationTime": "2023-09-09 04:28:12",
      "modificationTime": "2023-09-09 04:28:12",
      "dialogType": "DIALOG",
      "status": "ENABLED",
      "disambiguteOnlySelectedDomains": false
    },
    {
      "chatBotId": "f3640d2d-c913-4f1b-82dd-b08f49eeab5c",
      "id": "2e7980f4-7004-4d6e-b609-e878e2b778b4",
      "name": "3 Within business hours",
      "creationTime": "2023-09-09 04:28:12",
      "modificationTime": "2023-09-09 04:28:12",
      "description": "Within business hours",
      "dialogType": "DIALOG",
      "status": "ENABLED",
      "disambiguteOnlySelectedDomains": false
    },
    {
      "chatBotId": "f3640d2d-c913-4f1b-82dd-b08f49eeab5c",
      "id": "3ae61d84-4477-4229-9055-6e1892cb74a8",
      "name": "4 After business hours",
      "creationTime": "2023-09-09 04:28:12",
      "modificationTime": "2023-09-09 04:28:12",
      "description": "After business hours",
      "dialogType": "DIALOG",
      "status": "ENABLED",
      "disambiguteOnlySelectedDomains": false
    },
    {
      "chatBotId": "f3640d2d-c913-4f1b-82dd-b08f49eeab5c",
      "id": "64931e58-549a-49b2-bc70-69d307ba0809",
      "name": "5 Customer info for agent",
      "creationTime": "2023-09-09 04:28:12",
      "modificationTime": "2023-09-09 04:28:12",
      "description": "Customer info for agent",
      "dialogType": "DIALOG",
      "status": "ENABLED",
      "disambiguteOnlySelectedDomains": false
    },
    {
      "chatBotId": "f3640d2d-c913-4f1b-82dd-b08f49eeab5c",
      "id": "a2fc58f6-470f-4f80-aa23-33fb853d5257",
      "name": "2 Fallback",
      "creationTime": "2023-09-09 04:28:12",
      "modificationTime": "2023-09-09 04:28:12",
      "dialogType": "FALLBACK_DIALOG",
      "status": "ENABLED",
      "disambiguteOnlySelectedDomains": false
    },
    {
      "chatBotId": "f3640d2d-c913-4f1b-82dd-b08f49eeab5c",
      "id": "aa4aba82-31ff-4a64-b5c7-4a91226d43df",
      "name": "6 Agent Transfer",
      "creationTime": "2023-09-09 04:28:12",
      "modificationTime": "2023-09-09 04:28:12",
      "description": "Agent Transfer",
      "dialogType": "DIALOG",
      "status": "ENABLED",
      "disambiguteOnlySelectedDomains": false
    }
  ],
  "globalFunctions": {
    "chatBotId": "f3640d2d-c913-4f1b-82dd-b08f49eeab5c",
    "methods": "function __initConversation() { \n  //Any code you put here will be triggered on the conversation start.\nvar sharkSessionId = botContext.getLPEngagementAttribute('sharkSessionId');\nvar sharkVisitorId = botContext.getLPEngagementAttribute('sharkVisitorId');\nvar BearerToken = botContext.getLPEngagementAttribute(\"BearerToken\");\nvar accountId = botContext.getLPAccountId();\nvar customerInfo = botContext.getLPCustomerInfo();\nvar customerId = customerInfo.customerId;\nvar conversationId = botContext.getConversationId();\n\nbotContext.printDebugMessage(\"sharkSessionId: \" + sharkSessionId);\nbotContext.printDebugMessage(\"sharkVisitorId: \" + sharkVisitorId);\nbotContext.printDebugMessage(\"BearerToken: \" + BearerToken);\nbotContext.printDebugMessage(\"accountId: \" + accountId);\nbotContext.printDebugMessage(\"customerId: \" + customerId);\nbotContext.printDebugMessage(\"conversationId: \" + conversationId);\n\nbotContext.setBotVariable('sharkSessionId', sharkSessionId, true, false);\nbotContext.setBotVariable('sharkVisitorId', sharkVisitorId, true, false);\nbotContext.setBotVariable(\"BearerToken\", BearerToken, true, false);\nbotContext.setBotVariable(\"accountId\", accountId, true, false);\nbotContext.setBotVariable('customerId', customerId, true, false);\nbotContext.setBotVariable('conversationId', conversationId, true, false);\n}",
    "creationTime": "2023-09-09 04:28:13",
    "modificationTime": "2023-09-09 04:28:13"
  },
  "platforms": [
    {
      "id": "cf744b5153da783a378608ec3b3e54d39db6a7f6",
      "chatbotId": "f3640d2d-c913-4f1b-82dd-b08f49eeab5c",
      "integrationType": "HTMLCLIENT",
      "platform": "HTMLCLIENT",
      "status": "NEW"
    }
  ],
  "associatedDomains": [],
  "dialogTemplates": []
}