{
  "hash": "-2066084909",
  "bot": {
    "id": "3765c052-c7b1-4058-bcfb-d98408b57875",
    "name": "Survey Bot",
    "chatBotType": "SURVEY_BOT",
    "description": "Survey Bot",
    "status": "NEW",
    "getStartedButtonPayload": "hi",
    "creationTime": 1694251825118,
    "modificationTime": 1694255997568,
    "demo": false,
    "skipNLP": false,
    "language": "en-US",
    "botAttributes": {
      "ENABLE_DEBUG": "true",
      "SMALL_TALK_ENABLED": "true"
    },
    "sessionLength": 0,
    "passThroughMode": false,
    "transcriptDisabled": false,
    "version": "2",
    "publicBot": false,
    "transferGroupId": "6d63ad8a-6a5f-4209-a9a7-36e1b98174fa",
    "channel": "MESSAGING",
    "readOnly": false,
    "smallTalkEnabled": true
  },
  "responder": [],
  "requiredContext": [],
  "conversationMessage": [
    {
      "id": "4a096b73473389c1e401c22c0f4e1cf98be1e080",
      "chatBotId": "3765c052-c7b1-4058-bcfb-d98408b57875",
      "userInputRequired": false,
      "name": "nps_3",
      "type": "BOT_MESSAGE",
      "content": {
        "contentType": "STATIC",
        "results": {
          "type": "NPS",
          "tile": {
            "tileData": [
              {
                "text": "Based on your experience today, how likely are you to recommend us to a friend or colleague? (0 Not at all likely - 10 extremely likely)",
                "buttons": [],
                "quickReplyList": [],
                "pcsWidget": {
                  "multipleChoices": [
                    "0",
                    "1",
                    "2",
                    "3",
                    "4",
                    "5",
                    "6",
                    "7",
                    "8",
                    "9",
                    "10"
                  ],
                  "pcsMultipleChoices": [
                    {
                      "text": "0",
                      "value": 0,
                      "reportingValue": "0"
                    },
                    {
                      "text": "1",
                      "value": 1,
                      "reportingValue": "1"
                    },
                    {
                      "text": "2",
                      "value": 2,
                      "reportingValue": "2"
                    },
                    {
                      "text": "3",
                      "value": 3,
                      "reportingValue": "3"
                    },
                    {
                      "text": "4",
                      "value": 4,
                      "reportingValue": "4"
                    },
                    {
                      "text": "5",
                      "value": 5,
                      "reportingValue": "5"
                    },
                    {
                      "text": "6",
                      "value": 6,
                      "reportingValue": "6"
                    },
                    {
                      "text": "7",
                      "value": 7,
                      "reportingValue": "7"
                    },
                    {
                      "text": "8",
                      "value": 8,
                      "reportingValue": "8"
                    },
                    {
                      "text": "9",
                      "value": 9,
                      "reportingValue": "9"
                    },
                    {
                      "text": "10",
                      "value": 10,
                      "reportingValue": "10"
                    }
                  ],
                  "pcsQuickReplyValues": [
                    {
                      "text": "0",
                      "value": 0,
                      "reportingValue": "0"
                    },
                    {
                      "text": "1",
                      "value": 1,
                      "reportingValue": "1"
                    },
                    {
                      "text": "2",
                      "value": 2,
                      "reportingValue": "2"
                    },
                    {
                      "text": "3",
                      "value": 3,
                      "reportingValue": "3"
                    },
                    {
                      "text": "4",
                      "value": 4,
                      "reportingValue": "4"
                    },
                    {
                      "text": "5",
                      "value": 5,
                      "reportingValue": "5"
                    },
                    {
                      "text": "6",
                      "value": 6,
                      "reportingValue": "6"
                    },
                    {
                      "text": "7",
                      "value": 7,
                      "reportingValue": "7"
                    },
                    {
                      "text": "8",
                      "value": 8,
                      "reportingValue": "8"
                    },
                    {
                      "text": "9",
                      "value": 9,
                      "reportingValue": "9"
                    },
                    {
                      "text": "10",
                      "value": 10,
                      "reportingValue": "10"
                    }
                  ],
                  "displayChoice": "QUICK_REPLY",
                  "textStyle": "ABC",
                  "chatMessageQuickReplies": [
                    {
                      "type": "text",
                      "title": "0",
                      "value": 0,
                      "reportingValue": "0"
                    },
                    {
                      "type": "text",
                      "title": "1",
                      "value": 1,
                      "reportingValue": "1"
                    },
                    {
                      "type": "text",
                      "title": "2",
                      "value": 2,
                      "reportingValue": "2"
                    },
                    {
                      "type": "text",
                      "title": "3",
                      "value": 3,
                      "reportingValue": "3"
                    },
                    {
                      "type": "text",
                      "title": "4",
                      "value": 4,
                      "reportingValue": "4"
                    },
                    {
                      "type": "text",
                      "title": "5",
                      "value": 5,
                      "reportingValue": "5"
                    },
                    {
                      "type": "text",
                      "title": "6",
                      "value": 6,
                      "reportingValue": "6"
                    },
                    {
                      "type": "text",
                      "title": "7",
                      "value": 7,
                      "reportingValue": "7"
                    },
                    {
                      "type": "text",
                      "title": "8",
                      "value": 8,
                      "reportingValue": "8"
                    },
                    {
                      "type": "text",
                      "title": "9",
                      "value": 9,
                      "reportingValue": "9"
                    },
                    {
                      "type": "text",
                      "title": "10",
                      "value": 10,
                      "reportingValue": "10"
                    }
                  ],
                  "choicesPerRow": 4,
                  "nonPcsChatMessageQuickReplies": [
                    {
                      "type": "text",
                      "title": "0"
                    },
                    {
                      "type": "text",
                      "title": "1"
                    },
                    {
                      "type": "text",
                      "title": "2"
                    },
                    {
                      "type": "text",
                      "title": "3"
                    },
                    {
                      "type": "text",
                      "title": "4"
                    },
                    {
                      "type": "text",
                      "title": "5"
                    },
                    {
                      "type": "text",
                      "title": "6"
                    },
                    {
                      "type": "text",
                      "title": "7"
                    },
                    {
                      "type": "text",
                      "title": "8"
                    },
                    {
                      "type": "text",
                      "title": "9"
                    },
                    {
                      "type": "text",
                      "title": "10"
                    }
                  ]
                }
              }
            ]
          }
        }
      },
      "group": "e3c8faa2-0ca9-43ce-b40e-5c4c8256bd88",
      "status": "ACTIVE",
      "required": true,
      "nextMessageId": "6f6c0f162f513b200b86241bde1eac174b5b98f8",
      "prevMessageId": "ea9bde5a74282c18607b7859e982b6a3457aa075",
      "responseMatches": [
        {
          "name": "RULE_0",
          "conditions": [
            {
              "matchType": "EVAL_OPTION",
              "evaluateOptionMatch": {
                "value": "0"
              }
            }
          ],
          "contextConditions": [],
          "action": {
            "name": "INTERACTION",
            "value": "next"
          },
          "contextDataVariables": []
        },
        {
          "name": "RULE_1",
          "conditions": [
            {
              "matchType": "EVAL_OPTION",
              "evaluateOptionMatch": {
                "value": "1"
              }
            }
          ],
          "contextConditions": [],
          "action": {
            "name": "INTERACTION",
            "value": "next"
          },
          "contextDataVariables": []
        },
        {
          "name": "RULE_2",
          "conditions": [
            {
              "matchType": "EVAL_OPTION",
              "evaluateOptionMatch": {
                "value": "2"
              }
            }
          ],
          "contextConditions": [],
          "action": {
            "name": "INTERACTION",
            "value": "next"
          },
          "contextDataVariables": []
        },
        {
          "name": "RULE_3",
          "conditions": [
            {
              "matchType": "EVAL_OPTION",
              "evaluateOptionMatch": {
                "value": "3"
              }
            }
          ],
          "contextConditions": [],
          "action": {
            "name": "INTERACTION",
            "value": "next"
          },
          "contextDataVariables": []
        },
        {
          "name": "RULE_4",
          "conditions": [
            {
              "matchType": "EVAL_OPTION",
              "evaluateOptionMatch": {
                "value": "4"
              }
            }
          ],
          "contextConditions": [],
          "action": {
            "name": "INTERACTION",
            "value": "next"
          },
          "contextDataVariables": []
        },
        {
          "name": "RULE_5",
          "conditions": [
            {
              "matchType": "EVAL_OPTION",
              "evaluateOptionMatch": {
                "value": "5"
              }
            }
          ],
          "contextConditions": [],
          "action": {
            "name": "INTERACTION",
            "value": "next"
          },
          "contextDataVariables": []
        },
        {
          "name": "RULE_6",
          "conditions": [
            {
              "matchType": "EVAL_OPTION",
              "evaluateOptionMatch": {
                "value": "6"
              }
            }
          ],
          "contextConditions": [],
          "action": {
            "name": "INTERACTION",
            "value": "next"
          },
          "contextDataVariables": []
        },
        {
          "name": "RULE_7",
          "conditions": [
            {
              "matchType": "EVAL_OPTION",
              "evaluateOptionMatch": {
                "value": "7"
              }
            }
          ],
          "contextConditions": [],
          "action": {
            "name": "INTERACTION",
            "value": "next"
          },
          "contextDataVariables": []
        },
        {
          "name": "RULE_8",
          "conditions": [
            {
              "matchType": "EVAL_OPTION",
              "evaluateOptionMatch": {
                "value": "8"
              }
            }
          ],
          "contextConditions": [],
          "action": {
            "name": "INTERACTION",
            "value": "next"
          },
          "contextDataVariables": []
        },
        {
          "name": "RULE_9",
          "conditions": [
            {
              "matchType": "EVAL_OPTION",
              "evaluateOptionMatch": {
                "value": "9"
              }
            }
          ],
          "contextConditions": [],
          "action": {
            "name": "INTERACTION",
            "value": "next"
          },
          "contextDataVariables": []
        },
        {
          "name": "RULE_10",
          "conditions": [
            {
              "matchType": "EVAL_OPTION",
              "evaluateOptionMatch": {
                "value": "10"
              }
            }
          ],
          "contextConditions": [],
          "action": {
            "name": "INTERACTION",
            "value": "next"
          },
          "contextDataVariables": []
        }
      ],
      "interactionType": "NPS",
      "changeResponse": {
        "enabled": true
      },
      "cancelResponse": {
        "enabled": true
      }
    },
    {
      "id": "4e2e453e0d9187209b6c0c07c4873b63c587427d",
      "chatBotId": "3765c052-c7b1-4058-bcfb-d98408b57875",
      "userInputRequired": false,
      "name": "fcr_1",
      "type": "BOT_MESSAGE",
      "content": {
        "contentType": "STATIC",
        "results": {
          "type": "FCR",
          "tile": {
            "tileData": [
              {
                "text": "Were you able to resolve your inquiry today?",
                "buttons": [],
                "quickReplyList": [],
                "pcsWidget": {
                  "multipleChoices": [
                    "Yes",
                    "No"
                  ],
                  "pcsMultipleChoices": [
                    {
                      "text": "Yes",
                      "value": 1,
                      "reportingValue": "1"
                    },
                    {
                      "text": "No",
                      "value": 0,
                      "reportingValue": "0"
                    }
                  ],
                  "pcsQuickReplyValues": [
                    {
                      "text": "Yes",
                      "value": 1,
                      "reportingValue": "1"
                    },
                    {
                      "text": "No",
                      "value": 0,
                      "reportingValue": "0"
                    }
                  ],
                  "displayChoice": "QUICK_REPLY",
                  "textStyle": "ABC",
                  "chatMessageQuickReplies": [
                    {
                      "type": "text",
                      "title": "Yes",
                      "value": 1,
                      "reportingValue": "1"
                    },
                    {
                      "type": "text",
                      "title": "No",
                      "value": 0,
                      "reportingValue": "0"
                    }
                  ],
                  "choicesPerRow": 4,
                  "nonPcsChatMessageQuickReplies": [
                    {
                      "type": "text",
                      "title": "Yes"
                    },
                    {
                      "type": "text",
                      "title": "No"
                    }
                  ]
                }
              }
            ]
          }
        }
      },
      "group": "e3c8faa2-0ca9-43ce-b40e-5c4c8256bd88",
      "status": "ACTIVE",
      "required": true,
      "nextMessageId": "ea9bde5a74282c18607b7859e982b6a3457aa075",
      "responseMatches": [
        {
          "name": "RULE_YES",
          "conditions": [
            {
              "matchType": "EVAL_OPTION",
              "evaluateOptionMatch": {
                "value": "Yes"
              }
            }
          ],
          "contextConditions": [],
          "action": {
            "name": "INTERACTION",
            "value": "next"
          },
          "contextDataVariables": []
        },
        {
          "name": "RULE_NO",
          "conditions": [
            {
              "matchType": "EVAL_OPTION",
              "evaluateOptionMatch": {
                "value": "No"
              }
            }
          ],
          "contextConditions": [],
          "action": {
            "name": "INTERACTION",
            "value": "next"
          },
          "contextDataVariables": []
        }
      ],
      "interactionType": "FCR",
      "changeResponse": {
        "enabled": true
      },
      "cancelResponse": {
        "enabled": true
      }
    },
    {
      "id": "6f6c0f162f513b200b86241bde1eac174b5b98f8",
      "chatBotId": "3765c052-c7b1-4058-bcfb-d98408b57875",
      "userInputRequired": false,
      "name": "text_4",
      "type": "BOT_MESSAGE",
      "content": {
        "contentType": "STATIC",
        "results": {
          "type": "TEXT",
          "tile": {
            "tileData": [
              {
                "text": "Thank you for your feedback!",
                "buttons": [],
                "quickReplyList": []
              }
            ]
          }
        }
      },
      "group": "e3c8faa2-0ca9-43ce-b40e-5c4c8256bd88",
      "status": "ACTIVE",
      "required": true,
      "prevMessageId": "4a096b73473389c1e401c22c0f4e1cf98be1e080",
      "responseMatches": [
        {
          "conditions": [],
          "contextConditions": [],
          "action": {
            "name": "INTERACTION",
            "value": "close_dialog"
          },
          "contextDataVariables": []
        }
      ],
      "interactionType": "TEXT"
    },
    {
      "id": "ea9bde5a74282c18607b7859e982b6a3457aa075",
      "chatBotId": "3765c052-c7b1-4058-bcfb-d98408b57875",
      "userInputRequired": false,
      "name": "csat_2",
      "type": "BOT_MESSAGE",
      "content": {
        "contentType": "STATIC",
        "results": {
          "type": "CSAT",
          "tile": {
            "tileData": [
              {
                "text": "How would you rate your overall satisfaction with the service you received?",
                "buttons": [],
                "quickReplyList": [],
                "pcsWidget": {
                  "multipleChoices": [
                    "1 😡",
                    "2 🙁",
                    "3 😐",
                    "4 🙂",
                    "5 😄"
                  ],
                  "pcsMultipleChoices": [
                    {
                      "text": "1 😡",
                      "value": 1,
                      "reportingValue": "1"
                    },
                    {
                      "text": "2 🙁",
                      "value": 2,
                      "reportingValue": "2"
                    },
                    {
                      "text": "3 😐",
                      "value": 3,
                      "reportingValue": "3"
                    },
                    {
                      "text": "4 🙂",
                      "value": 4,
                      "reportingValue": "4"
                    },
                    {
                      "text": "5 😄",
                      "value": 5,
                      "reportingValue": "5"
                    }
                  ],
                  "pcsQuickReplyValues": [
                    {
                      "text": "1 😡",
                      "value": 1,
                      "reportingValue": "1"
                    },
                    {
                      "text": "2 🙁",
                      "value": 2,
                      "reportingValue": "2"
                    },
                    {
                      "text": "3 😐",
                      "value": 3,
                      "reportingValue": "3"
                    },
                    {
                      "text": "4 🙂",
                      "value": 4,
                      "reportingValue": "4"
                    },
                    {
                      "text": "5 😄",
                      "value": 5,
                      "reportingValue": "5"
                    }
                  ],
                  "displayChoice": "QUICK_REPLY",
                  "textStyle": "ABC",
                  "chatMessageQuickReplies": [
                    {
                      "type": "text",
                      "title": "1 😡",
                      "value": 1,
                      "reportingValue": "1"
                    },
                    {
                      "type": "text",
                      "title": "2 🙁",
                      "value": 2,
                      "reportingValue": "2"
                    },
                    {
                      "type": "text",
                      "title": "3 😐",
                      "value": 3,
                      "reportingValue": "3"
                    },
                    {
                      "type": "text",
                      "title": "4 🙂",
                      "value": 4,
                      "reportingValue": "4"
                    },
                    {
                      "type": "text",
                      "title": "5 😄",
                      "value": 5,
                      "reportingValue": "5"
                    }
                  ],
                  "choicesPerRow": 4,
                  "nonPcsChatMessageQuickReplies": [
                    {
                      "type": "text",
                      "title": "1 😡"
                    },
                    {
                      "type": "text",
                      "title": "2 🙁"
                    },
                    {
                      "type": "text",
                      "title": "3 😐"
                    },
                    {
                      "type": "text",
                      "title": "4 🙂"
                    },
                    {
                      "type": "text",
                      "title": "5 😄"
                    }
                  ]
                }
              }
            ]
          }
        }
      },
      "group": "e3c8faa2-0ca9-43ce-b40e-5c4c8256bd88",
      "status": "ACTIVE",
      "required": true,
      "nextMessageId": "4a096b73473389c1e401c22c0f4e1cf98be1e080",
      "prevMessageId": "4e2e453e0d9187209b6c0c07c4873b63c587427d",
      "responseMatches": [
        {
          "name": "RULE_1",
          "conditions": [
            {
              "matchType": "EVAL_OPTION",
              "evaluateOptionMatch": {
                "value": "1 😡"
              }
            }
          ],
          "contextConditions": [],
          "action": {
            "name": "INTERACTION",
            "value": "next"
          },
          "contextDataVariables": []
        },
        {
          "name": "RULE_2",
          "conditions": [
            {
              "matchType": "EVAL_OPTION",
              "evaluateOptionMatch": {
                "value": "2 🙁"
              }
            }
          ],
          "contextConditions": [],
          "action": {
            "name": "INTERACTION",
            "value": "next"
          },
          "contextDataVariables": []
        },
        {
          "name": "RULE_3",
          "conditions": [
            {
              "matchType": "EVAL_OPTION",
              "evaluateOptionMatch": {
                "value": "3 😐"
              }
            }
          ],
          "contextConditions": [],
          "action": {
            "name": "INTERACTION",
            "value": "next"
          },
          "contextDataVariables": []
        },
        {
          "name": "RULE_4",
          "conditions": [
            {
              "matchType": "EVAL_OPTION",
              "evaluateOptionMatch": {
                "value": "4 🙂"
              }
            }
          ],
          "contextConditions": [],
          "action": {
            "name": "INTERACTION",
            "value": "next"
          },
          "contextDataVariables": []
        },
        {
          "name": "RULE_5",
          "conditions": [
            {
              "matchType": "EVAL_OPTION",
              "evaluateOptionMatch": {
                "value": "5 😄"
              }
            }
          ],
          "contextConditions": [],
          "action": {
            "name": "INTERACTION",
            "value": "next"
          },
          "contextDataVariables": []
        }
      ],
      "interactionType": "CSAT",
      "changeResponse": {
        "enabled": true
      },
      "cancelResponse": {
        "enabled": true
      }
    }
  ],
  "menus": [],
  "groups": [
    {
      "chatBotId": "3765c052-c7b1-4058-bcfb-d98408b57875",
      "id": "e3c8faa2-0ca9-43ce-b40e-5c4c8256bd88",
      "name": "survey",
      "creationTime": "2023-09-09 05:30:29",
      "modificationTime": "2023-09-09 05:30:29",
      "dialogType": "SURVEY_DIALOG",
      "status": "ENABLED",
      "disambiguteOnlySelectedDomains": false
    }
  ],
  "platforms": [
    {
      "id": "6ea6a7cd01095a7f6d5da6ce15b49d316522812c",
      "chatbotId": "3765c052-c7b1-4058-bcfb-d98408b57875",
      "integrationType": "HTMLCLIENT",
      "platform": "HTMLCLIENT",
      "status": "NEW"
    }
  ],
  "associatedDomains": [],
  "dialogTemplates": []
}